Index Name,nprobe,Batch Size,Retrieved Docs,Num Threads,Avg Retrieval Time (s)
monolithic_100m.faiss,128,32,5,32,0.27635505683260814
monolithic_100m.faiss,128,1,5,32,0.27635505683260814
monolithic_100m.faiss,128,4,5,32,0.27635505683260814
monolithic_100m.faiss,128,8,5,32,0.27635505683260814